req_id,model_dir,adapter_dir,prompt_len,output_len,req_time
0,huggyllama/llama-7b,dummy-lora-7b-rank-128-4,500,128,0.016076426855815562
1,huggyllama/llama-7b,dummy-lora-7b-rank-16-1,500,128,0.03442849757717692
2,huggyllama/llama-7b,dummy-lora-7b-rank-128-1,500,128,0.23633028267862066
3,huggyllama/llama-7b,dummy-lora-7b-rank-128-3,500,128,1.1404597814127504
4,huggyllama/llama-7b,dummy-lora-7b-rank-64-2,500,128,1.1426266896875314
5,huggyllama/llama-7b,dummy-lora-7b-rank-128-1,500,128,1.7992746697249928
6,huggyllama/llama-7b,dummy-lora-7b-rank-128-1,500,128,2.1533189940665443
7,huggyllama/llama-7b,dummy-lora-7b-rank-128-2,500,128,2.184415623258229
8,huggyllama/llama-7b,dummy-lora-7b-rank-128-2,500,128,2.3482565808443323
9,huggyllama/llama-7b,dummy-lora-7b-rank-128-3,500,128,2.8619585120668423
10,huggyllama/llama-7b,dummy-lora-7b-rank-16-3,500,128,3.2326905574346254
11,huggyllama/llama-7b,dummy-lora-7b-rank-32-4,500,128,3.6855046089863897
12,huggyllama/llama-7b,dummy-lora-7b-rank-128-2,500,128,3.7789540706492875
13,huggyllama/llama-7b,dummy-lora-7b-rank-128-3,500,128,3.8370558644962194
14,huggyllama/llama-7b,dummy-lora-7b-rank-128-2,500,128,3.988758509454926
15,huggyllama/llama-7b,dummy-lora-7b-rank-128-3,500,128,4.009017521539837
16,huggyllama/llama-7b,dummy-lora-7b-rank-16-0,500,128,4.101340967859968
17,huggyllama/llama-7b,dummy-lora-7b-rank-128-2,500,128,4.768207078417241
18,huggyllama/llama-7b,dummy-lora-7b-rank-128-2,500,128,5.061885363576069
19,huggyllama/llama-7b,dummy-lora-7b-rank-32-0,500,128,5.115153100621983
20,huggyllama/llama-7b,dummy-lora-7b-rank-16-2,500,128,5.165741544644553
21,huggyllama/llama-7b,dummy-lora-7b-rank-128-4,500,128,5.364635122688144
22,huggyllama/llama-7b,dummy-lora-7b-rank-128-1,500,128,5.8037878745010545
23,huggyllama/llama-7b,dummy-lora-7b-rank-16-1,500,128,5.865046546317454
24,huggyllama/llama-7b,dummy-lora-7b-rank-8-1,500,128,5.943397420935225
25,huggyllama/llama-7b,dummy-lora-7b-rank-128-3,500,128,6.513790540192876
26,huggyllama/llama-7b,dummy-lora-7b-rank-128-1,500,128,6.891094306405199
27,huggyllama/llama-7b,dummy-lora-7b-rank-32-3,500,128,7.343542253162216
28,huggyllama/llama-7b,dummy-lora-7b-rank-8-4,500,128,7.572531031633045
29,huggyllama/llama-7b,dummy-lora-7b-rank-64-0,500,128,8.044661262825636
30,huggyllama/llama-7b,dummy-lora-7b-rank-64-3,500,128,8.215491736363322
31,huggyllama/llama-7b,dummy-lora-7b-rank-128-0,500,128,8.583195412181777
32,huggyllama/llama-7b,dummy-lora-7b-rank-128-1,500,128,8.674126683723383
33,huggyllama/llama-7b,dummy-lora-7b-rank-32-1,500,128,9.430299664886999
34,huggyllama/llama-7b,dummy-lora-7b-rank-16-3,500,128,9.477245126700407
35,huggyllama/llama-7b,dummy-lora-7b-rank-128-1,500,128,9.716590046463725
36,huggyllama/llama-7b,dummy-lora-7b-rank-16-2,500,128,10.121917619162113
37,huggyllama/llama-7b,dummy-lora-7b-rank-128-0,500,128,10.171505130781988
38,huggyllama/llama-7b,dummy-lora-7b-rank-32-3,500,128,10.273178852739207
39,huggyllama/llama-7b,dummy-lora-7b-rank-128-2,500,128,10.348919183865968
40,huggyllama/llama-7b,dummy-lora-7b-rank-16-1,500,128,10.363090361491
41,huggyllama/llama-7b,dummy-lora-7b-rank-128-0,500,128,10.847092919842737
42,huggyllama/llama-7b,dummy-lora-7b-rank-128-4,500,128,10.917811079889761
43,huggyllama/llama-7b,dummy-lora-7b-rank-128-2,500,128,11.108530709524022
44,huggyllama/llama-7b,dummy-lora-7b-rank-128-1,500,128,11.134800703947679
45,huggyllama/llama-7b,dummy-lora-7b-rank-128-2,500,128,11.221807067408973
46,huggyllama/llama-7b,dummy-lora-7b-rank-128-3,500,128,11.411334155758713
47,huggyllama/llama-7b,dummy-lora-7b-rank-128-2,500,128,11.50018825622421
48,huggyllama/llama-7b,dummy-lora-7b-rank-8-1,500,128,11.96041156119777
49,huggyllama/llama-7b,dummy-lora-7b-rank-16-2,500,128,12.156957544798885
50,huggyllama/llama-7b,dummy-lora-7b-rank-64-1,500,128,12.350773359174605
51,huggyllama/llama-7b,dummy-lora-7b-rank-128-1,500,128,12.462460818206434
52,huggyllama/llama-7b,dummy-lora-7b-rank-128-0,500,128,12.989082525659768
53,huggyllama/llama-7b,dummy-lora-7b-rank-32-2,500,128,13.00221874518125
54,huggyllama/llama-7b,dummy-lora-7b-rank-128-3,500,128,13.190565725405667
55,huggyllama/llama-7b,dummy-lora-7b-rank-128-0,500,128,14.271528248955113
56,huggyllama/llama-7b,dummy-lora-7b-rank-16-1,500,128,14.55222325482437
57,huggyllama/llama-7b,dummy-lora-7b-rank-32-0,500,128,14.778640758570994
58,huggyllama/llama-7b,dummy-lora-7b-rank-128-1,500,128,14.84818014518645
59,huggyllama/llama-7b,dummy-lora-7b-rank-16-0,500,128,15.299023841229765
60,huggyllama/llama-7b,dummy-lora-7b-rank-128-3,500,128,15.340011388857766
61,huggyllama/llama-7b,dummy-lora-7b-rank-128-3,500,128,15.542871954335435
62,huggyllama/llama-7b,dummy-lora-7b-rank-32-1,500,128,16.228333607740698
63,huggyllama/llama-7b,dummy-lora-7b-rank-128-1,500,128,17.03319592319791
64,huggyllama/llama-7b,dummy-lora-7b-rank-128-4,500,128,17.82837427569962
65,huggyllama/llama-7b,dummy-lora-7b-rank-128-0,500,128,17.869519101141528
66,huggyllama/llama-7b,dummy-lora-7b-rank-128-1,500,128,18.565203826334564
67,huggyllama/llama-7b,dummy-lora-7b-rank-16-2,500,128,18.748291785945327
68,huggyllama/llama-7b,dummy-lora-7b-rank-128-3,500,128,18.845002083675354
69,huggyllama/llama-7b,dummy-lora-7b-rank-16-3,500,128,19.306621078244678
70,huggyllama/llama-7b,dummy-lora-7b-rank-8-0,500,128,20.902796092131524
71,huggyllama/llama-7b,dummy-lora-7b-rank-16-2,500,128,21.042471224816428
72,huggyllama/llama-7b,dummy-lora-7b-rank-128-3,500,128,21.50365700489467
73,huggyllama/llama-7b,dummy-lora-7b-rank-16-3,500,128,21.810189696345894
74,huggyllama/llama-7b,dummy-lora-7b-rank-8-1,500,128,21.876502559111856
75,huggyllama/llama-7b,dummy-lora-7b-rank-32-4,500,128,21.89629396589119
76,huggyllama/llama-7b,dummy-lora-7b-rank-128-0,500,128,22.033291639338703
77,huggyllama/llama-7b,dummy-lora-7b-rank-16-0,500,128,22.14018079651685
78,huggyllama/llama-7b,dummy-lora-7b-rank-64-1,500,128,22.716418440950058
79,huggyllama/llama-7b,dummy-lora-7b-rank-32-4,500,128,23.124158565537545
80,huggyllama/llama-7b,dummy-lora-7b-rank-128-0,500,128,23.428645643194244
81,huggyllama/llama-7b,dummy-lora-7b-rank-128-1,500,128,23.80496080438016
82,huggyllama/llama-7b,dummy-lora-7b-rank-32-2,500,128,23.972546943347716
83,huggyllama/llama-7b,dummy-lora-7b-rank-128-1,500,128,24.09715725958428
84,huggyllama/llama-7b,dummy-lora-7b-rank-16-4,500,128,24.162748894701135
85,huggyllama/llama-7b,dummy-lora-7b-rank-8-1,500,128,24.415914677712045
86,huggyllama/llama-7b,dummy-lora-7b-rank-128-1,500,128,24.883231668655405
87,huggyllama/llama-7b,dummy-lora-7b-rank-128-2,500,128,25.002269633141804
88,huggyllama/llama-7b,dummy-lora-7b-rank-32-0,500,128,25.907477744508245
89,huggyllama/llama-7b,dummy-lora-7b-rank-16-0,500,128,26.19711348529069
90,huggyllama/llama-7b,dummy-lora-7b-rank-128-2,500,128,26.416816592100567
91,huggyllama/llama-7b,dummy-lora-7b-rank-128-3,500,128,26.437875917763588
92,huggyllama/llama-7b,dummy-lora-7b-rank-8-2,500,128,26.736986472716172
93,huggyllama/llama-7b,dummy-lora-7b-rank-128-1,500,128,26.877714202604473
94,huggyllama/llama-7b,dummy-lora-7b-rank-128-2,500,128,27.203783661695958
95,huggyllama/llama-7b,dummy-lora-7b-rank-128-2,500,128,27.29083131958676
96,huggyllama/llama-7b,dummy-lora-7b-rank-128-4,500,128,27.499951007073687
97,huggyllama/llama-7b,dummy-lora-7b-rank-128-0,500,128,27.95130054275924
98,huggyllama/llama-7b,dummy-lora-7b-rank-128-4,500,128,28.027912259864372
99,huggyllama/llama-7b,dummy-lora-7b-rank-128-3,500,128,28.076392876680334
100,huggyllama/llama-7b,dummy-lora-7b-rank-16-3,500,128,28.600493051999145
101,huggyllama/llama-7b,dummy-lora-7b-rank-8-1,500,128,29.268983136986115
102,huggyllama/llama-7b,dummy-lora-7b-rank-32-0,500,128,29.377704956599537
103,huggyllama/llama-7b,dummy-lora-7b-rank-128-1,500,128,29.964566505523848
104,huggyllama/llama-7b,dummy-lora-7b-rank-64-2,500,128,30.172266597782404
105,huggyllama/llama-7b,dummy-lora-7b-rank-64-0,500,128,30.3801213139543
106,huggyllama/llama-7b,dummy-lora-7b-rank-128-4,500,128,30.417035340449626
107,huggyllama/llama-7b,dummy-lora-7b-rank-128-3,500,128,30.5458256622552
108,huggyllama/llama-7b,dummy-lora-7b-rank-8-2,500,128,30.619523904202705
109,huggyllama/llama-7b,dummy-lora-7b-rank-128-2,500,128,31.048810171258378
110,huggyllama/llama-7b,dummy-lora-7b-rank-128-3,500,128,31.16104805392045
111,huggyllama/llama-7b,dummy-lora-7b-rank-128-2,500,128,31.300328753169538
112,huggyllama/llama-7b,dummy-lora-7b-rank-128-0,500,128,31.386402367816444
113,huggyllama/llama-7b,dummy-lora-7b-rank-8-2,500,128,31.653437169629427
114,huggyllama/llama-7b,dummy-lora-7b-rank-32-2,500,128,31.676722518456145
115,huggyllama/llama-7b,dummy-lora-7b-rank-64-2,500,128,31.94313560787766
116,huggyllama/llama-7b,dummy-lora-7b-rank-64-2,500,128,31.948975563498415
117,huggyllama/llama-7b,dummy-lora-7b-rank-64-1,500,128,32.55461634125094
118,huggyllama/llama-7b,dummy-lora-7b-rank-32-1,500,128,33.08166518557518
119,huggyllama/llama-7b,dummy-lora-7b-rank-64-3,500,128,33.59014194491509
120,huggyllama/llama-7b,dummy-lora-7b-rank-128-3,500,128,33.72667914338439
121,huggyllama/llama-7b,dummy-lora-7b-rank-128-1,500,128,34.06204779045415
122,huggyllama/llama-7b,dummy-lora-7b-rank-8-3,500,128,34.215391211263345
123,huggyllama/llama-7b,dummy-lora-7b-rank-32-3,500,128,34.237792225136765
124,huggyllama/llama-7b,dummy-lora-7b-rank-128-3,500,128,34.57688177561479
125,huggyllama/llama-7b,dummy-lora-7b-rank-8-3,500,128,34.718180752509085
126,huggyllama/llama-7b,dummy-lora-7b-rank-32-2,500,128,35.12836229868187
127,huggyllama/llama-7b,dummy-lora-7b-rank-64-4,500,128,37.09419262725662
128,huggyllama/llama-7b,dummy-lora-7b-rank-8-3,500,128,37.18264291435857
129,huggyllama/llama-7b,dummy-lora-7b-rank-16-4,500,128,37.27505869635736
130,huggyllama/llama-7b,dummy-lora-7b-rank-8-4,500,128,37.35112853718249
131,huggyllama/llama-7b,dummy-lora-7b-rank-64-1,500,128,37.522205805920386
132,huggyllama/llama-7b,dummy-lora-7b-rank-64-0,500,128,38.01291251191912
133,huggyllama/llama-7b,dummy-lora-7b-rank-128-0,500,128,39.42435051986658
134,huggyllama/llama-7b,dummy-lora-7b-rank-128-0,500,128,39.44082670875757
135,huggyllama/llama-7b,dummy-lora-7b-rank-128-1,500,128,40.06438865751382
136,huggyllama/llama-7b,dummy-lora-7b-rank-128-1,500,128,40.45102191038422
137,huggyllama/llama-7b,dummy-lora-7b-rank-128-0,500,128,40.56331918627233
138,huggyllama/llama-7b,dummy-lora-7b-rank-128-4,500,128,40.98444094533732
139,huggyllama/llama-7b,dummy-lora-7b-rank-128-2,500,128,41.41338028499035
140,huggyllama/llama-7b,dummy-lora-7b-rank-32-2,500,128,42.50079703275311
141,huggyllama/llama-7b,dummy-lora-7b-rank-64-2,500,128,42.9347164972846
142,huggyllama/llama-7b,dummy-lora-7b-rank-128-2,500,128,42.9934452476071
143,huggyllama/llama-7b,dummy-lora-7b-rank-128-3,500,128,43.06818846789743
144,huggyllama/llama-7b,dummy-lora-7b-rank-16-2,500,128,43.500433966073246
145,huggyllama/llama-7b,dummy-lora-7b-rank-32-2,500,128,43.799454165715005
146,huggyllama/llama-7b,dummy-lora-7b-rank-128-3,500,128,43.94776747903566
147,huggyllama/llama-7b,dummy-lora-7b-rank-8-2,500,128,44.33537120333945
148,huggyllama/llama-7b,dummy-lora-7b-rank-16-4,500,128,44.623699259157014
149,huggyllama/llama-7b,dummy-lora-7b-rank-128-0,500,128,45.35779108845149
150,huggyllama/llama-7b,dummy-lora-7b-rank-8-4,500,128,45.400728227135154
151,huggyllama/llama-7b,dummy-lora-7b-rank-32-0,500,128,46.00437712208575
152,huggyllama/llama-7b,dummy-lora-7b-rank-8-0,500,128,46.62139310746042
153,huggyllama/llama-7b,dummy-lora-7b-rank-16-0,500,128,48.11196400608536
154,huggyllama/llama-7b,dummy-lora-7b-rank-16-2,500,128,48.163786288777096
155,huggyllama/llama-7b,dummy-lora-7b-rank-64-0,500,128,48.28671373216535
156,huggyllama/llama-7b,dummy-lora-7b-rank-128-3,500,128,49.55100117394122
157,huggyllama/llama-7b,dummy-lora-7b-rank-128-4,500,128,49.69756225392242
158,huggyllama/llama-7b,dummy-lora-7b-rank-128-1,500,128,49.94972674004323
159,huggyllama/llama-7b,dummy-lora-7b-rank-32-1,500,128,50.19423953759649
160,huggyllama/llama-7b,dummy-lora-7b-rank-64-3,500,128,50.524375824329184
161,huggyllama/llama-7b,dummy-lora-7b-rank-128-1,500,128,50.77945299060096
162,huggyllama/llama-7b,dummy-lora-7b-rank-64-1,500,128,51.47455689289345
163,huggyllama/llama-7b,dummy-lora-7b-rank-128-2,500,128,51.62319079897608
164,huggyllama/llama-7b,dummy-lora-7b-rank-64-4,500,128,51.749223756112094
165,huggyllama/llama-7b,dummy-lora-7b-rank-16-0,500,128,51.765365758104465
166,huggyllama/llama-7b,dummy-lora-7b-rank-128-4,500,128,52.01314818179908
167,huggyllama/llama-7b,dummy-lora-7b-rank-8-2,500,128,52.84489896941461
168,huggyllama/llama-7b,dummy-lora-7b-rank-8-0,500,128,52.90330146296445
169,huggyllama/llama-7b,dummy-lora-7b-rank-64-3,500,128,52.928254185939686
170,huggyllama/llama-7b,dummy-lora-7b-rank-128-4,500,128,52.943216489150494
171,huggyllama/llama-7b,dummy-lora-7b-rank-32-1,500,128,53.18454508942773
172,huggyllama/llama-7b,dummy-lora-7b-rank-32-2,500,128,53.226105251525205
173,huggyllama/llama-7b,dummy-lora-7b-rank-16-2,500,128,53.690214655434346
174,huggyllama/llama-7b,dummy-lora-7b-rank-32-0,500,128,54.94972238479775
175,huggyllama/llama-7b,dummy-lora-7b-rank-8-1,500,128,54.99161090832697
176,huggyllama/llama-7b,dummy-lora-7b-rank-32-3,500,128,55.574678437077786
177,huggyllama/llama-7b,dummy-lora-7b-rank-128-2,500,128,55.80530447840487
178,huggyllama/llama-7b,dummy-lora-7b-rank-128-2,500,128,56.42151987970267
179,huggyllama/llama-7b,dummy-lora-7b-rank-8-0,500,128,56.67893646872477
180,huggyllama/llama-7b,dummy-lora-7b-rank-128-1,500,128,57.80252926707937
181,huggyllama/llama-7b,dummy-lora-7b-rank-16-4,500,128,57.97433712518654
182,huggyllama/llama-7b,dummy-lora-7b-rank-128-4,500,128,58.287413830769644
183,huggyllama/llama-7b,dummy-lora-7b-rank-16-1,500,128,58.785236410422456
184,huggyllama/llama-7b,dummy-lora-7b-rank-128-4,500,128,59.3706903143948
185,huggyllama/llama-7b,dummy-lora-7b-rank-128-3,500,128,59.86141090777109
186,huggyllama/llama-7b,dummy-lora-7b-rank-128-3,500,128,60.20452297142263
187,huggyllama/llama-7b,dummy-lora-7b-rank-128-2,500,128,60.215357536555494
188,huggyllama/llama-7b,dummy-lora-7b-rank-16-2,500,128,61.73301920534017
189,huggyllama/llama-7b,dummy-lora-7b-rank-128-1,500,128,62.855938226354844
190,huggyllama/llama-7b,dummy-lora-7b-rank-128-0,500,128,63.2461104559413
191,huggyllama/llama-7b,dummy-lora-7b-rank-8-1,500,128,63.496438785704946
192,huggyllama/llama-7b,dummy-lora-7b-rank-128-1,500,128,63.93327208287041
193,huggyllama/llama-7b,dummy-lora-7b-rank-8-1,500,128,64.0811343307476
194,huggyllama/llama-7b,dummy-lora-7b-rank-128-1,500,128,64.7461618970146
195,huggyllama/llama-7b,dummy-lora-7b-rank-128-1,500,128,64.75704655872941
196,huggyllama/llama-7b,dummy-lora-7b-rank-128-4,500,128,65.30953680375828
197,huggyllama/llama-7b,dummy-lora-7b-rank-128-4,500,128,65.91314473627521
198,huggyllama/llama-7b,dummy-lora-7b-rank-16-3,500,128,65.92921406509127
199,huggyllama/llama-7b,dummy-lora-7b-rank-128-3,500,128,66.41008151375402
200,huggyllama/llama-7b,dummy-lora-7b-rank-16-1,500,128,66.59209754852536
201,huggyllama/llama-7b,dummy-lora-7b-rank-128-2,500,128,67.09651859146368
202,huggyllama/llama-7b,dummy-lora-7b-rank-32-0,500,128,67.10475213723502
203,huggyllama/llama-7b,dummy-lora-7b-rank-8-1,500,128,67.97170326284784
204,huggyllama/llama-7b,dummy-lora-7b-rank-128-2,500,128,68.25630380323099
205,huggyllama/llama-7b,dummy-lora-7b-rank-64-2,500,128,68.44190293431205
206,huggyllama/llama-7b,dummy-lora-7b-rank-128-2,500,128,69.31584973612749
207,huggyllama/llama-7b,dummy-lora-7b-rank-128-2,500,128,69.69151926320959
208,huggyllama/llama-7b,dummy-lora-7b-rank-64-0,500,128,69.76123695977175
209,huggyllama/llama-7b,dummy-lora-7b-rank-8-1,500,128,70.13592570418923
210,huggyllama/llama-7b,dummy-lora-7b-rank-32-0,500,128,70.22234160395057
211,huggyllama/llama-7b,dummy-lora-7b-rank-8-3,500,128,70.3615695301353
212,huggyllama/llama-7b,dummy-lora-7b-rank-8-1,500,128,70.47373213018959
213,huggyllama/llama-7b,dummy-lora-7b-rank-128-3,500,128,70.63414560780636
214,huggyllama/llama-7b,dummy-lora-7b-rank-8-4,500,128,72.13133935680365
215,huggyllama/llama-7b,dummy-lora-7b-rank-16-2,500,128,72.40693122039872
216,huggyllama/llama-7b,dummy-lora-7b-rank-128-1,500,128,72.40700965182221
217,huggyllama/llama-7b,dummy-lora-7b-rank-128-3,500,128,72.82180314463534
218,huggyllama/llama-7b,dummy-lora-7b-rank-128-3,500,128,72.9770914633037
219,huggyllama/llama-7b,dummy-lora-7b-rank-128-3,500,128,73.09908302970707
220,huggyllama/llama-7b,dummy-lora-7b-rank-128-4,500,128,73.45938299841637
221,huggyllama/llama-7b,dummy-lora-7b-rank-128-1,500,128,73.78643541312157
222,huggyllama/llama-7b,dummy-lora-7b-rank-16-4,500,128,74.07488571037597
223,huggyllama/llama-7b,dummy-lora-7b-rank-128-0,500,128,74.7355224838739
224,huggyllama/llama-7b,dummy-lora-7b-rank-128-4,500,128,75.38315138213841
225,huggyllama/llama-7b,dummy-lora-7b-rank-128-4,500,128,75.38758570436288
226,huggyllama/llama-7b,dummy-lora-7b-rank-16-2,500,128,75.50665245044593
227,huggyllama/llama-7b,dummy-lora-7b-rank-128-0,500,128,75.65979161855483
228,huggyllama/llama-7b,dummy-lora-7b-rank-32-1,500,128,75.9788940918862
229,huggyllama/llama-7b,dummy-lora-7b-rank-128-4,500,128,76.06255810710533
230,huggyllama/llama-7b,dummy-lora-7b-rank-128-1,500,128,76.1856685351182
231,huggyllama/llama-7b,dummy-lora-7b-rank-32-4,500,128,76.44270747128272
232,huggyllama/llama-7b,dummy-lora-7b-rank-128-4,500,128,76.5088919318217
233,huggyllama/llama-7b,dummy-lora-7b-rank-128-0,500,128,76.79227564535306
234,huggyllama/llama-7b,dummy-lora-7b-rank-8-1,500,128,76.92908370490186
235,huggyllama/llama-7b,dummy-lora-7b-rank-128-2,500,128,76.93959005167487
236,huggyllama/llama-7b,dummy-lora-7b-rank-32-1,500,128,77.26711884466454
237,huggyllama/llama-7b,dummy-lora-7b-rank-64-0,500,128,77.38458350646178
238,huggyllama/llama-7b,dummy-lora-7b-rank-64-0,500,128,78.29517458467892
239,huggyllama/llama-7b,dummy-lora-7b-rank-128-1,500,128,78.72525411926452
240,huggyllama/llama-7b,dummy-lora-7b-rank-32-2,500,128,79.11209618141912
241,huggyllama/llama-7b,dummy-lora-7b-rank-8-1,500,128,79.47136730576449
242,huggyllama/llama-7b,dummy-lora-7b-rank-16-4,500,128,79.53841912127085
243,huggyllama/llama-7b,dummy-lora-7b-rank-64-2,500,128,79.87855609947432
244,huggyllama/llama-7b,dummy-lora-7b-rank-128-2,500,128,79.89722913384497
245,huggyllama/llama-7b,dummy-lora-7b-rank-128-4,500,128,80.03088300432174
246,huggyllama/llama-7b,dummy-lora-7b-rank-128-4,500,128,80.61194646945836
247,huggyllama/llama-7b,dummy-lora-7b-rank-128-4,500,128,80.87099300357612
248,huggyllama/llama-7b,dummy-lora-7b-rank-8-2,500,128,80.96095329860997
249,huggyllama/llama-7b,dummy-lora-7b-rank-64-4,500,128,81.524284345201
250,huggyllama/llama-7b,dummy-lora-7b-rank-128-2,500,128,81.73754884511779
251,huggyllama/llama-7b,dummy-lora-7b-rank-128-2,500,128,81.75954398881628
252,huggyllama/llama-7b,dummy-lora-7b-rank-32-1,500,128,82.15745597383405
253,huggyllama/llama-7b,dummy-lora-7b-rank-16-1,500,128,82.40553860478572
254,huggyllama/llama-7b,dummy-lora-7b-rank-128-0,500,128,82.77648587535643
255,huggyllama/llama-7b,dummy-lora-7b-rank-128-0,500,128,83.2278492555675
256,huggyllama/llama-7b,dummy-lora-7b-rank-128-4,500,128,83.30206422588441
257,huggyllama/llama-7b,dummy-lora-7b-rank-128-3,500,128,83.70771596962354
258,huggyllama/llama-7b,dummy-lora-7b-rank-32-0,500,128,84.8053865804416
259,huggyllama/llama-7b,dummy-lora-7b-rank-64-4,500,128,84.81604426639903
260,huggyllama/llama-7b,dummy-lora-7b-rank-128-2,500,128,85.24137889601344
261,huggyllama/llama-7b,dummy-lora-7b-rank-128-3,500,128,85.67439053509884
262,huggyllama/llama-7b,dummy-lora-7b-rank-8-3,500,128,85.79302861990217
263,huggyllama/llama-7b,dummy-lora-7b-rank-8-0,500,128,86.16715524544509
264,huggyllama/llama-7b,dummy-lora-7b-rank-64-3,500,128,86.2283929595243
265,huggyllama/llama-7b,dummy-lora-7b-rank-64-0,500,128,86.61747685842364
266,huggyllama/llama-7b,dummy-lora-7b-rank-8-4,500,128,86.99534215301833
267,huggyllama/llama-7b,dummy-lora-7b-rank-128-0,500,128,87.35497145569671
268,huggyllama/llama-7b,dummy-lora-7b-rank-128-0,500,128,88.12593773923952
269,huggyllama/llama-7b,dummy-lora-7b-rank-128-2,500,128,88.78392554446451
270,huggyllama/llama-7b,dummy-lora-7b-rank-32-0,500,128,89.41654017916485
271,huggyllama/llama-7b,dummy-lora-7b-rank-32-2,500,128,89.71162200460914
272,huggyllama/llama-7b,dummy-lora-7b-rank-8-3,500,128,89.74081337371912
273,huggyllama/llama-7b,dummy-lora-7b-rank-128-0,500,128,89.82794851930474
274,huggyllama/llama-7b,dummy-lora-7b-rank-128-4,500,128,90.38510956879458
275,huggyllama/llama-7b,dummy-lora-7b-rank-8-4,500,128,90.65114951693565
276,huggyllama/llama-7b,dummy-lora-7b-rank-64-4,500,128,90.80804492609752
277,huggyllama/llama-7b,dummy-lora-7b-rank-16-0,500,128,91.06469960210947
278,huggyllama/llama-7b,dummy-lora-7b-rank-128-2,500,128,91.09675425023484
279,huggyllama/llama-7b,dummy-lora-7b-rank-64-2,500,128,91.56714151436904
280,huggyllama/llama-7b,dummy-lora-7b-rank-32-3,500,128,92.51558108550792
281,huggyllama/llama-7b,dummy-lora-7b-rank-128-4,500,128,92.95139396116652
282,huggyllama/llama-7b,dummy-lora-7b-rank-64-3,500,128,93.0688431145016
283,huggyllama/llama-7b,dummy-lora-7b-rank-128-0,500,128,93.37736083322602
284,huggyllama/llama-7b,dummy-lora-7b-rank-32-2,500,128,93.73107307247005
285,huggyllama/llama-7b,dummy-lora-7b-rank-64-4,500,128,93.81389938799296
286,huggyllama/llama-7b,dummy-lora-7b-rank-128-1,500,128,94.13005688790625
287,huggyllama/llama-7b,dummy-lora-7b-rank-128-3,500,128,94.5673049386887
288,huggyllama/llama-7b,dummy-lora-7b-rank-128-0,500,128,95.72315903889283
289,huggyllama/llama-7b,dummy-lora-7b-rank-16-3,500,128,95.7353994665746
290,huggyllama/llama-7b,dummy-lora-7b-rank-8-0,500,128,95.77138507380509
291,huggyllama/llama-7b,dummy-lora-7b-rank-8-0,500,128,96.074825988838
292,huggyllama/llama-7b,dummy-lora-7b-rank-128-4,500,128,96.34997745527455
293,huggyllama/llama-7b,dummy-lora-7b-rank-128-1,500,128,96.5596122761454
294,huggyllama/llama-7b,dummy-lora-7b-rank-128-2,500,128,97.37351251517458
295,huggyllama/llama-7b,dummy-lora-7b-rank-32-0,500,128,97.43329134666487
296,huggyllama/llama-7b,dummy-lora-7b-rank-128-2,500,128,97.6789262589469
297,huggyllama/llama-7b,dummy-lora-7b-rank-8-2,500,128,98.07732860189873
298,huggyllama/llama-7b,dummy-lora-7b-rank-128-2,500,128,98.1853769062889
299,huggyllama/llama-7b,dummy-lora-7b-rank-128-1,500,128,99.35151457406535
300,huggyllama/llama-7b,dummy-lora-7b-rank-128-2,500,128,99.59569515220049
301,huggyllama/llama-7b,dummy-lora-7b-rank-128-4,500,128,99.67028682766497
302,huggyllama/llama-7b,dummy-lora-7b-rank-128-4,500,128,99.86342193710117
303,huggyllama/llama-7b,dummy-lora-7b-rank-128-0,500,128,100.13185080352144
304,huggyllama/llama-7b,dummy-lora-7b-rank-64-3,500,128,101.54929938311193
305,huggyllama/llama-7b,dummy-lora-7b-rank-64-1,500,128,101.7331374591105
306,huggyllama/llama-7b,dummy-lora-7b-rank-128-1,500,128,101.87491497289635
307,huggyllama/llama-7b,dummy-lora-7b-rank-128-4,500,128,102.13586726543994
308,huggyllama/llama-7b,dummy-lora-7b-rank-128-4,500,128,102.56550951398616
309,huggyllama/llama-7b,dummy-lora-7b-rank-32-4,500,128,103.47319112244482
310,huggyllama/llama-7b,dummy-lora-7b-rank-16-0,500,128,103.81227193847778
311,huggyllama/llama-7b,dummy-lora-7b-rank-128-2,500,128,104.025554621229
312,huggyllama/llama-7b,dummy-lora-7b-rank-128-1,500,128,104.40912207869027
313,huggyllama/llama-7b,dummy-lora-7b-rank-32-4,500,128,104.86906767793386
314,huggyllama/llama-7b,dummy-lora-7b-rank-128-1,500,128,105.28025638360002
315,huggyllama/llama-7b,dummy-lora-7b-rank-128-3,500,128,105.4773452691359
316,huggyllama/llama-7b,dummy-lora-7b-rank-128-4,500,128,105.64671767760217
317,huggyllama/llama-7b,dummy-lora-7b-rank-8-4,500,128,106.79120306776238
318,huggyllama/llama-7b,dummy-lora-7b-rank-64-2,500,128,107.1662239834682
319,huggyllama/llama-7b,dummy-lora-7b-rank-16-4,500,128,107.62301303773111
320,huggyllama/llama-7b,dummy-lora-7b-rank-16-3,500,128,107.74829371500962
321,huggyllama/llama-7b,dummy-lora-7b-rank-16-2,500,128,108.60391111026522
322,huggyllama/llama-7b,dummy-lora-7b-rank-128-1,500,128,108.635647751165
323,huggyllama/llama-7b,dummy-lora-7b-rank-16-3,500,128,108.70357172934557
324,huggyllama/llama-7b,dummy-lora-7b-rank-16-3,500,128,108.72061857664205
325,huggyllama/llama-7b,dummy-lora-7b-rank-128-0,500,128,109.00356916338147
326,huggyllama/llama-7b,dummy-lora-7b-rank-128-1,500,128,109.04613582852292
327,huggyllama/llama-7b,dummy-lora-7b-rank-8-0,500,128,109.27614467932392
328,huggyllama/llama-7b,dummy-lora-7b-rank-8-2,500,128,109.35223428109852
329,huggyllama/llama-7b,dummy-lora-7b-rank-128-3,500,128,109.49963496680489
330,huggyllama/llama-7b,dummy-lora-7b-rank-16-4,500,128,109.82973888711395
331,huggyllama/llama-7b,dummy-lora-7b-rank-8-0,500,128,110.08122353034967
332,huggyllama/llama-7b,dummy-lora-7b-rank-8-2,500,128,110.53827565943764
333,huggyllama/llama-7b,dummy-lora-7b-rank-8-4,500,128,110.74275932737748
334,huggyllama/llama-7b,dummy-lora-7b-rank-128-2,500,128,111.38473564271773
335,huggyllama/llama-7b,dummy-lora-7b-rank-128-3,500,128,111.47524869874384
336,huggyllama/llama-7b,dummy-lora-7b-rank-128-0,500,128,111.80261371577639
337,huggyllama/llama-7b,dummy-lora-7b-rank-16-1,500,128,111.85747801065258
338,huggyllama/llama-7b,dummy-lora-7b-rank-128-2,500,128,112.10634617249143
339,huggyllama/llama-7b,dummy-lora-7b-rank-128-2,500,128,112.18204629588271
340,huggyllama/llama-7b,dummy-lora-7b-rank-128-3,500,128,112.36880113419225
341,huggyllama/llama-7b,dummy-lora-7b-rank-128-0,500,128,112.47063531974226
342,huggyllama/llama-7b,dummy-lora-7b-rank-128-1,500,128,112.66038582896896
343,huggyllama/llama-7b,dummy-lora-7b-rank-32-1,500,128,112.843253619022
344,huggyllama/llama-7b,dummy-lora-7b-rank-16-0,500,128,112.9065444266443
345,huggyllama/llama-7b,dummy-lora-7b-rank-8-1,500,128,113.12441943082669
346,huggyllama/llama-7b,dummy-lora-7b-rank-128-4,500,128,113.21318168936253
347,huggyllama/llama-7b,dummy-lora-7b-rank-16-0,500,128,113.23207991177536
348,huggyllama/llama-7b,dummy-lora-7b-rank-32-4,500,128,113.25688397770296
349,huggyllama/llama-7b,dummy-lora-7b-rank-128-0,500,128,113.4313018227495
350,huggyllama/llama-7b,dummy-lora-7b-rank-64-2,500,128,113.5595887284399
351,huggyllama/llama-7b,dummy-lora-7b-rank-128-3,500,128,113.56619650497511
352,huggyllama/llama-7b,dummy-lora-7b-rank-32-1,500,128,113.72629535251275
353,huggyllama/llama-7b,dummy-lora-7b-rank-128-3,500,128,114.10146571072035
354,huggyllama/llama-7b,dummy-lora-7b-rank-64-4,500,128,114.17875609323966
355,huggyllama/llama-7b,dummy-lora-7b-rank-64-0,500,128,114.23853704496813
356,huggyllama/llama-7b,dummy-lora-7b-rank-128-4,500,128,114.3945869004324
357,huggyllama/llama-7b,dummy-lora-7b-rank-8-0,500,128,114.8335976906637
358,huggyllama/llama-7b,dummy-lora-7b-rank-16-4,500,128,115.71978053330393
359,huggyllama/llama-7b,dummy-lora-7b-rank-128-4,500,128,115.97008637186744
360,huggyllama/llama-7b,dummy-lora-7b-rank-64-4,500,128,116.02120880549728
361,huggyllama/llama-7b,dummy-lora-7b-rank-128-2,500,128,116.10741021020452
362,huggyllama/llama-7b,dummy-lora-7b-rank-128-1,500,128,117.22610920150969
363,huggyllama/llama-7b,dummy-lora-7b-rank-128-0,500,128,117.22986013156974
364,huggyllama/llama-7b,dummy-lora-7b-rank-32-1,500,128,117.27137769476337
365,huggyllama/llama-7b,dummy-lora-7b-rank-128-0,500,128,117.38463671733415
366,huggyllama/llama-7b,dummy-lora-7b-rank-128-0,500,128,117.43913018849044
367,huggyllama/llama-7b,dummy-lora-7b-rank-16-4,500,128,118.12274988254119
368,huggyllama/llama-7b,dummy-lora-7b-rank-128-0,500,128,118.14744407588393
369,huggyllama/llama-7b,dummy-lora-7b-rank-64-0,500,128,118.19480007152676
370,huggyllama/llama-7b,dummy-lora-7b-rank-32-2,500,128,118.59407563275175
371,huggyllama/llama-7b,dummy-lora-7b-rank-128-1,500,128,119.47333978199039
372,huggyllama/llama-7b,dummy-lora-7b-rank-8-4,500,128,119.51458674315532
373,huggyllama/llama-7b,dummy-lora-7b-rank-128-3,500,128,119.56258686509992
374,huggyllama/llama-7b,dummy-lora-7b-rank-64-1,500,128,119.90803114858491
375,huggyllama/llama-7b,dummy-lora-7b-rank-8-1,500,128,119.91814247781682
376,huggyllama/llama-7b,dummy-lora-7b-rank-32-3,500,128,120.08537550632626
377,huggyllama/llama-7b,dummy-lora-7b-rank-128-3,500,128,120.50036820797376
378,huggyllama/llama-7b,dummy-lora-7b-rank-128-1,500,128,120.92194991858165
379,huggyllama/llama-7b,dummy-lora-7b-rank-64-4,500,128,121.08985403674657
380,huggyllama/llama-7b,dummy-lora-7b-rank-32-1,500,128,121.1598206277068
381,huggyllama/llama-7b,dummy-lora-7b-rank-128-1,500,128,121.6315966959655
382,huggyllama/llama-7b,dummy-lora-7b-rank-128-2,500,128,121.63211009966952
383,huggyllama/llama-7b,dummy-lora-7b-rank-16-2,500,128,121.90987156314954
384,huggyllama/llama-7b,dummy-lora-7b-rank-128-0,500,128,122.08040645398542
385,huggyllama/llama-7b,dummy-lora-7b-rank-128-3,500,128,122.51665897977279
386,huggyllama/llama-7b,dummy-lora-7b-rank-128-1,500,128,122.58490140061883
387,huggyllama/llama-7b,dummy-lora-7b-rank-128-0,500,128,122.67633915060452
388,huggyllama/llama-7b,dummy-lora-7b-rank-128-4,500,128,122.86527112770021
389,huggyllama/llama-7b,dummy-lora-7b-rank-128-0,500,128,123.47405070170059
390,huggyllama/llama-7b,dummy-lora-7b-rank-32-2,500,128,124.2376306759298
391,huggyllama/llama-7b,dummy-lora-7b-rank-32-3,500,128,125.27305033851357
392,huggyllama/llama-7b,dummy-lora-7b-rank-8-2,500,128,125.27494843784035
393,huggyllama/llama-7b,dummy-lora-7b-rank-32-3,500,128,125.77596858373975
394,huggyllama/llama-7b,dummy-lora-7b-rank-32-0,500,128,125.8404515286605
395,huggyllama/llama-7b,dummy-lora-7b-rank-32-0,500,128,126.1209508684622
396,huggyllama/llama-7b,dummy-lora-7b-rank-16-1,500,128,126.91711874974
397,huggyllama/llama-7b,dummy-lora-7b-rank-8-1,500,128,126.92217261818544
398,huggyllama/llama-7b,dummy-lora-7b-rank-8-4,500,128,127.33553625714289
399,huggyllama/llama-7b,dummy-lora-7b-rank-64-0,500,128,128.2415043183604
400,huggyllama/llama-7b,dummy-lora-7b-rank-128-0,500,128,128.32288863835555
401,huggyllama/llama-7b,dummy-lora-7b-rank-128-0,500,128,128.4231208854457
402,huggyllama/llama-7b,dummy-lora-7b-rank-16-2,500,128,129.43167643351234
403,huggyllama/llama-7b,dummy-lora-7b-rank-16-1,500,128,129.74680699836924
404,huggyllama/llama-7b,dummy-lora-7b-rank-16-0,500,128,130.3861790479873
405,huggyllama/llama-7b,dummy-lora-7b-rank-128-2,500,128,130.45793276148672
406,huggyllama/llama-7b,dummy-lora-7b-rank-128-2,500,128,131.95134298090372
407,huggyllama/llama-7b,dummy-lora-7b-rank-16-1,500,128,132.91260459002956
408,huggyllama/llama-7b,dummy-lora-7b-rank-128-3,500,128,132.97406338681444
409,huggyllama/llama-7b,dummy-lora-7b-rank-128-0,500,128,133.48526477775223
410,huggyllama/llama-7b,dummy-lora-7b-rank-128-2,500,128,133.53370144982546
411,huggyllama/llama-7b,dummy-lora-7b-rank-128-3,500,128,133.89922762865237
412,huggyllama/llama-7b,dummy-lora-7b-rank-128-0,500,128,134.11475136140152
413,huggyllama/llama-7b,dummy-lora-7b-rank-64-0,500,128,134.2527779944239
414,huggyllama/llama-7b,dummy-lora-7b-rank-8-1,500,128,134.6702662275634
415,huggyllama/llama-7b,dummy-lora-7b-rank-16-0,500,128,134.84345001398188
416,huggyllama/llama-7b,dummy-lora-7b-rank-128-4,500,128,135.3296692879308
417,huggyllama/llama-7b,dummy-lora-7b-rank-128-1,500,128,135.63427995149857
418,huggyllama/llama-7b,dummy-lora-7b-rank-128-1,500,128,136.28984178846179
419,huggyllama/llama-7b,dummy-lora-7b-rank-128-4,500,128,136.4058525037919
420,huggyllama/llama-7b,dummy-lora-7b-rank-64-4,500,128,136.4591496338102
421,huggyllama/llama-7b,dummy-lora-7b-rank-32-1,500,128,136.7126977068889
422,huggyllama/llama-7b,dummy-lora-7b-rank-32-4,500,128,136.83346114707817
423,huggyllama/llama-7b,dummy-lora-7b-rank-128-4,500,128,137.19663362552714
424,huggyllama/llama-7b,dummy-lora-7b-rank-64-0,500,128,137.20261824685423
425,huggyllama/llama-7b,dummy-lora-7b-rank-128-0,500,128,137.44354163891524
426,huggyllama/llama-7b,dummy-lora-7b-rank-128-0,500,128,138.28583286971798
427,huggyllama/llama-7b,dummy-lora-7b-rank-128-2,500,128,138.3282486379787
428,huggyllama/llama-7b,dummy-lora-7b-rank-128-1,500,128,138.64392382805593
429,huggyllama/llama-7b,dummy-lora-7b-rank-32-0,500,128,138.91787255314168
430,huggyllama/llama-7b,dummy-lora-7b-rank-128-0,500,128,139.91679752563158
431,huggyllama/llama-7b,dummy-lora-7b-rank-16-2,500,128,140.1686841787461
432,huggyllama/llama-7b,dummy-lora-7b-rank-8-2,500,128,140.4060193182046
433,huggyllama/llama-7b,dummy-lora-7b-rank-128-1,500,128,140.55630008048422
434,huggyllama/llama-7b,dummy-lora-7b-rank-8-2,500,128,140.83464638709242
435,huggyllama/llama-7b,dummy-lora-7b-rank-128-3,500,128,140.8795584674093
436,huggyllama/llama-7b,dummy-lora-7b-rank-8-0,500,128,141.05021912919477
437,huggyllama/llama-7b,dummy-lora-7b-rank-64-0,500,128,141.57934987428322
438,huggyllama/llama-7b,dummy-lora-7b-rank-32-0,500,128,142.24812982971656
439,huggyllama/llama-7b,dummy-lora-7b-rank-64-0,500,128,142.55963887868865
440,huggyllama/llama-7b,dummy-lora-7b-rank-64-2,500,128,142.69785692461423
441,huggyllama/llama-7b,dummy-lora-7b-rank-8-2,500,128,142.8969306385728
442,huggyllama/llama-7b,dummy-lora-7b-rank-128-1,500,128,143.1367399534121
443,huggyllama/llama-7b,dummy-lora-7b-rank-128-2,500,128,143.4177116141484
444,huggyllama/llama-7b,dummy-lora-7b-rank-16-4,500,128,143.58142800429536
445,huggyllama/llama-7b,dummy-lora-7b-rank-16-4,500,128,144.43683506891287
446,huggyllama/llama-7b,dummy-lora-7b-rank-16-2,500,128,145.50879609485955
447,huggyllama/llama-7b,dummy-lora-7b-rank-32-3,500,128,145.9758713188668
448,huggyllama/llama-7b,dummy-lora-7b-rank-128-3,500,128,146.0991615865242
449,huggyllama/llama-7b,dummy-lora-7b-rank-32-2,500,128,146.14132379286065
450,huggyllama/llama-7b,dummy-lora-7b-rank-16-0,500,128,146.36152702318944
451,huggyllama/llama-7b,dummy-lora-7b-rank-16-1,500,128,147.02619542371085
452,huggyllama/llama-7b,dummy-lora-7b-rank-128-1,500,128,147.05560744067586
453,huggyllama/llama-7b,dummy-lora-7b-rank-128-4,500,128,147.87301423943578
454,huggyllama/llama-7b,dummy-lora-7b-rank-128-0,500,128,148.60590936940108
455,huggyllama/llama-7b,dummy-lora-7b-rank-128-1,500,128,148.63880301253621
456,huggyllama/llama-7b,dummy-lora-7b-rank-64-4,500,128,148.7258962694868
457,huggyllama/llama-7b,dummy-lora-7b-rank-128-1,500,128,149.0119636789777
458,huggyllama/llama-7b,dummy-lora-7b-rank-16-3,500,128,149.32500069712273
459,huggyllama/llama-7b,dummy-lora-7b-rank-32-0,500,128,149.51820007868974
460,huggyllama/llama-7b,dummy-lora-7b-rank-8-0,500,128,149.73054232270232
461,huggyllama/llama-7b,dummy-lora-7b-rank-128-0,500,128,149.79015304170872
462,huggyllama/llama-7b,dummy-lora-7b-rank-128-3,500,128,150.32320793423384
463,huggyllama/llama-7b,dummy-lora-7b-rank-128-4,500,128,150.43459056686441
464,huggyllama/llama-7b,dummy-lora-7b-rank-64-4,500,128,150.58541889587562
465,huggyllama/llama-7b,dummy-lora-7b-rank-32-3,500,128,150.6980122577786
466,huggyllama/llama-7b,dummy-lora-7b-rank-64-3,500,128,151.3360235427008
467,huggyllama/llama-7b,dummy-lora-7b-rank-64-2,500,128,151.59583230918022
468,huggyllama/llama-7b,dummy-lora-7b-rank-128-2,500,128,151.6216456842485
469,huggyllama/llama-7b,dummy-lora-7b-rank-32-2,500,128,153.12070112297954
470,huggyllama/llama-7b,dummy-lora-7b-rank-16-4,500,128,153.82674395575089
471,huggyllama/llama-7b,dummy-lora-7b-rank-128-0,500,128,153.8287895752273
472,huggyllama/llama-7b,dummy-lora-7b-rank-128-1,500,128,153.89527996496432
473,huggyllama/llama-7b,dummy-lora-7b-rank-32-3,500,128,153.99617884562144
474,huggyllama/llama-7b,dummy-lora-7b-rank-16-3,500,128,154.0448683694688
475,huggyllama/llama-7b,dummy-lora-7b-rank-32-1,500,128,154.5953002843583
476,huggyllama/llama-7b,dummy-lora-7b-rank-64-2,500,128,155.2323863219898
477,huggyllama/llama-7b,dummy-lora-7b-rank-128-4,500,128,155.2340838985682
478,huggyllama/llama-7b,dummy-lora-7b-rank-64-1,500,128,155.3356747798819
479,huggyllama/llama-7b,dummy-lora-7b-rank-128-3,500,128,155.6872556302338
480,huggyllama/llama-7b,dummy-lora-7b-rank-128-1,500,128,156.37479686448668
481,huggyllama/llama-7b,dummy-lora-7b-rank-16-3,500,128,157.94251433838937
482,huggyllama/llama-7b,dummy-lora-7b-rank-128-1,500,128,158.10145330347305
483,huggyllama/llama-7b,dummy-lora-7b-rank-128-1,500,128,158.41925115543032
484,huggyllama/llama-7b,dummy-lora-7b-rank-64-2,500,128,158.7027591003098
485,huggyllama/llama-7b,dummy-lora-7b-rank-8-2,500,128,158.9217897117482
486,huggyllama/llama-7b,dummy-lora-7b-rank-128-4,500,128,159.04351073736842
487,huggyllama/llama-7b,dummy-lora-7b-rank-128-3,500,128,159.16970429938084
488,huggyllama/llama-7b,dummy-lora-7b-rank-8-0,500,128,159.38030902261514
489,huggyllama/llama-7b,dummy-lora-7b-rank-128-1,500,128,159.70863696035445
490,huggyllama/llama-7b,dummy-lora-7b-rank-64-4,500,128,160.28200738546835
491,huggyllama/llama-7b,dummy-lora-7b-rank-128-3,500,128,160.30245967199502
492,huggyllama/llama-7b,dummy-lora-7b-rank-32-0,500,128,160.3880389099785
493,huggyllama/llama-7b,dummy-lora-7b-rank-128-2,500,128,160.9673002175226
494,huggyllama/llama-7b,dummy-lora-7b-rank-64-1,500,128,161.97003288855083
495,huggyllama/llama-7b,dummy-lora-7b-rank-8-0,500,128,162.03244113363598
496,huggyllama/llama-7b,dummy-lora-7b-rank-16-4,500,128,162.14001541649998
497,huggyllama/llama-7b,dummy-lora-7b-rank-32-1,500,128,162.2438368342074
498,huggyllama/llama-7b,dummy-lora-7b-rank-32-2,500,128,162.7564019501677
499,huggyllama/llama-7b,dummy-lora-7b-rank-32-2,500,128,163.3152994059348
500,huggyllama/llama-7b,dummy-lora-7b-rank-128-2,500,128,163.46835893860896
501,huggyllama/llama-7b,dummy-lora-7b-rank-8-0,500,128,163.69063277832078
502,huggyllama/llama-7b,dummy-lora-7b-rank-64-0,500,128,164.60912081774205
503,huggyllama/llama-7b,dummy-lora-7b-rank-32-0,500,128,164.66516515911033
504,huggyllama/llama-7b,dummy-lora-7b-rank-16-1,500,128,164.8964134718541
505,huggyllama/llama-7b,dummy-lora-7b-rank-128-3,500,128,165.56194408592765
506,huggyllama/llama-7b,dummy-lora-7b-rank-128-4,500,128,165.66474816805137
507,huggyllama/llama-7b,dummy-lora-7b-rank-128-3,500,128,166.3096807278505
508,huggyllama/llama-7b,dummy-lora-7b-rank-32-2,500,128,166.36334377534183
509,huggyllama/llama-7b,dummy-lora-7b-rank-32-4,500,128,166.37166807743205
510,huggyllama/llama-7b,dummy-lora-7b-rank-8-0,500,128,167.2604971260934
511,huggyllama/llama-7b,dummy-lora-7b-rank-128-3,500,128,167.53322189468122
512,huggyllama/llama-7b,dummy-lora-7b-rank-128-4,500,128,167.73505251698555
513,huggyllama/llama-7b,dummy-lora-7b-rank-128-2,500,128,168.33512605153103
514,huggyllama/llama-7b,dummy-lora-7b-rank-8-0,500,128,169.79511967886128
515,huggyllama/llama-7b,dummy-lora-7b-rank-32-0,500,128,170.48211013381166
516,huggyllama/llama-7b,dummy-lora-7b-rank-32-4,500,128,171.15913394648913
517,huggyllama/llama-7b,dummy-lora-7b-rank-128-1,500,128,171.4390013342469
518,huggyllama/llama-7b,dummy-lora-7b-rank-16-2,500,128,172.14483953036532
519,huggyllama/llama-7b,dummy-lora-7b-rank-128-4,500,128,172.44718016735038
520,huggyllama/llama-7b,dummy-lora-7b-rank-32-2,500,128,172.46212331404848
521,huggyllama/llama-7b,dummy-lora-7b-rank-64-4,500,128,172.62751189148003
522,huggyllama/llama-7b,dummy-lora-7b-rank-32-3,500,128,172.9456980448011
523,huggyllama/llama-7b,dummy-lora-7b-rank-128-3,500,128,173.33815590478648
524,huggyllama/llama-7b,dummy-lora-7b-rank-32-3,500,128,173.77880844389523
525,huggyllama/llama-7b,dummy-lora-7b-rank-16-3,500,128,174.09068762059218
526,huggyllama/llama-7b,dummy-lora-7b-rank-8-3,500,128,174.68071437257498
527,huggyllama/llama-7b,dummy-lora-7b-rank-16-3,500,128,174.72420997435322
528,huggyllama/llama-7b,dummy-lora-7b-rank-8-0,500,128,174.7656330843867
529,huggyllama/llama-7b,dummy-lora-7b-rank-32-2,500,128,175.0698868714129
530,huggyllama/llama-7b,dummy-lora-7b-rank-8-4,500,128,175.3627933698351
531,huggyllama/llama-7b,dummy-lora-7b-rank-128-1,500,128,176.91719056565148
532,huggyllama/llama-7b,dummy-lora-7b-rank-64-4,500,128,177.1537775344076
533,huggyllama/llama-7b,dummy-lora-7b-rank-8-4,500,128,177.44822186656324
534,huggyllama/llama-7b,dummy-lora-7b-rank-8-2,500,128,177.9507515652458
535,huggyllama/llama-7b,dummy-lora-7b-rank-32-3,500,128,178.11430836411068
536,huggyllama/llama-7b,dummy-lora-7b-rank-8-0,500,128,178.78781566469732
537,huggyllama/llama-7b,dummy-lora-7b-rank-128-4,500,128,178.7976546693129
538,huggyllama/llama-7b,dummy-lora-7b-rank-32-3,500,128,178.88013464448218
539,huggyllama/llama-7b,dummy-lora-7b-rank-128-3,500,128,179.85426500446852
540,huggyllama/llama-7b,dummy-lora-7b-rank-64-3,500,128,180.00955675925917
541,huggyllama/llama-7b,dummy-lora-7b-rank-32-1,500,128,180.47679956556203
542,huggyllama/llama-7b,dummy-lora-7b-rank-128-2,500,128,180.79365134996436
543,huggyllama/llama-7b,dummy-lora-7b-rank-64-4,500,128,180.8178043290591
544,huggyllama/llama-7b,dummy-lora-7b-rank-64-4,500,128,180.9672397949141
545,huggyllama/llama-7b,dummy-lora-7b-rank-128-4,500,128,181.06983725812384
546,huggyllama/llama-7b,dummy-lora-7b-rank-32-2,500,128,181.77885594846012
547,huggyllama/llama-7b,dummy-lora-7b-rank-32-0,500,128,182.84458489320997
548,huggyllama/llama-7b,dummy-lora-7b-rank-64-4,500,128,183.4485553609429
549,huggyllama/llama-7b,dummy-lora-7b-rank-64-2,500,128,183.5087728167153
550,huggyllama/llama-7b,dummy-lora-7b-rank-128-2,500,128,184.0277937474398
551,huggyllama/llama-7b,dummy-lora-7b-rank-128-1,500,128,184.29979192077118
552,huggyllama/llama-7b,dummy-lora-7b-rank-128-3,500,128,184.452006430226
553,huggyllama/llama-7b,dummy-lora-7b-rank-128-1,500,128,184.8943547016499
554,huggyllama/llama-7b,dummy-lora-7b-rank-64-3,500,128,184.91035412362953
555,huggyllama/llama-7b,dummy-lora-7b-rank-64-4,500,128,184.98270085312126
556,huggyllama/llama-7b,dummy-lora-7b-rank-128-1,500,128,185.03121134435554
557,huggyllama/llama-7b,dummy-lora-7b-rank-64-1,500,128,185.35280960603762
558,huggyllama/llama-7b,dummy-lora-7b-rank-128-3,500,128,185.40297463655725
559,huggyllama/llama-7b,dummy-lora-7b-rank-8-4,500,128,185.61653608238032
560,huggyllama/llama-7b,dummy-lora-7b-rank-128-1,500,128,186.6120685656094
561,huggyllama/llama-7b,dummy-lora-7b-rank-128-2,500,128,186.68252195455122
562,huggyllama/llama-7b,dummy-lora-7b-rank-128-1,500,128,187.0686499854593
563,huggyllama/llama-7b,dummy-lora-7b-rank-16-1,500,128,187.74829706350718
564,huggyllama/llama-7b,dummy-lora-7b-rank-8-0,500,128,187.93298190809404
565,huggyllama/llama-7b,dummy-lora-7b-rank-8-1,500,128,188.07165721273375
566,huggyllama/llama-7b,dummy-lora-7b-rank-32-2,500,128,188.7385734443959
567,huggyllama/llama-7b,dummy-lora-7b-rank-64-2,500,128,188.97464737481624
568,huggyllama/llama-7b,dummy-lora-7b-rank-32-4,500,128,189.3980102496332
569,huggyllama/llama-7b,dummy-lora-7b-rank-128-1,500,128,189.42147460376611
570,huggyllama/llama-7b,dummy-lora-7b-rank-16-3,500,128,189.58907398770833
571,huggyllama/llama-7b,dummy-lora-7b-rank-128-3,500,128,189.99589596178004
572,huggyllama/llama-7b,dummy-lora-7b-rank-128-0,500,128,190.03311994652498
573,huggyllama/llama-7b,dummy-lora-7b-rank-32-1,500,128,191.49902404893547
574,huggyllama/llama-7b,dummy-lora-7b-rank-128-2,500,128,191.53418316803337
575,huggyllama/llama-7b,dummy-lora-7b-rank-32-4,500,128,191.54717049663492
576,huggyllama/llama-7b,dummy-lora-7b-rank-128-4,500,128,191.6139587036132
577,huggyllama/llama-7b,dummy-lora-7b-rank-64-3,500,128,192.50860935935518
578,huggyllama/llama-7b,dummy-lora-7b-rank-128-3,500,128,192.52625391818123
579,huggyllama/llama-7b,dummy-lora-7b-rank-32-3,500,128,192.61316399517034
580,huggyllama/llama-7b,dummy-lora-7b-rank-8-1,500,128,193.0306128162092
581,huggyllama/llama-7b,dummy-lora-7b-rank-128-1,500,128,194.11053606237297
582,huggyllama/llama-7b,dummy-lora-7b-rank-16-0,500,128,195.10753517880974
583,huggyllama/llama-7b,dummy-lora-7b-rank-128-4,500,128,195.65521677604687
584,huggyllama/llama-7b,dummy-lora-7b-rank-128-2,500,128,195.97582574830773
585,huggyllama/llama-7b,dummy-lora-7b-rank-64-2,500,128,196.07172858922837
586,huggyllama/llama-7b,dummy-lora-7b-rank-64-3,500,128,196.10168995847872
587,huggyllama/llama-7b,dummy-lora-7b-rank-128-1,500,128,196.21941732688862
588,huggyllama/llama-7b,dummy-lora-7b-rank-16-3,500,128,196.38246967705314
589,huggyllama/llama-7b,dummy-lora-7b-rank-128-3,500,128,196.45859864930804
590,huggyllama/llama-7b,dummy-lora-7b-rank-64-0,500,128,196.57074804531217
591,huggyllama/llama-7b,dummy-lora-7b-rank-32-2,500,128,196.66657919093737
592,huggyllama/llama-7b,dummy-lora-7b-rank-64-4,500,128,196.7581506190105
593,huggyllama/llama-7b,dummy-lora-7b-rank-8-1,500,128,196.8411307027925
594,huggyllama/llama-7b,dummy-lora-7b-rank-128-2,500,128,196.93119964273205
595,huggyllama/llama-7b,dummy-lora-7b-rank-8-4,500,128,196.93441443437607
596,huggyllama/llama-7b,dummy-lora-7b-rank-128-1,500,128,197.3215891301334
597,huggyllama/llama-7b,dummy-lora-7b-rank-8-3,500,128,198.1181916638372
598,huggyllama/llama-7b,dummy-lora-7b-rank-32-3,500,128,198.50431188110156
599,huggyllama/llama-7b,dummy-lora-7b-rank-128-1,500,128,198.5730027799684
600,huggyllama/llama-7b,dummy-lora-7b-rank-128-0,500,128,199.02036865503092
601,huggyllama/llama-7b,dummy-lora-7b-rank-16-0,500,128,199.82493697803005
602,huggyllama/llama-7b,dummy-lora-7b-rank-128-2,500,128,200.07359488262477
603,huggyllama/llama-7b,dummy-lora-7b-rank-128-1,500,128,200.09647270231633
604,huggyllama/llama-7b,dummy-lora-7b-rank-128-1,500,128,200.11195051988665
605,huggyllama/llama-7b,dummy-lora-7b-rank-8-4,500,128,200.4472776222387
606,huggyllama/llama-7b,dummy-lora-7b-rank-128-4,500,128,200.6448884786079
607,huggyllama/llama-7b,dummy-lora-7b-rank-128-0,500,128,201.02934323211738
608,huggyllama/llama-7b,dummy-lora-7b-rank-16-3,500,128,201.28279881860618
609,huggyllama/llama-7b,dummy-lora-7b-rank-8-1,500,128,201.30762173368336
610,huggyllama/llama-7b,dummy-lora-7b-rank-128-3,500,128,201.5190046090879
611,huggyllama/llama-7b,dummy-lora-7b-rank-128-3,500,128,201.75239230417395
612,huggyllama/llama-7b,dummy-lora-7b-rank-128-0,500,128,202.60228317554362
613,huggyllama/llama-7b,dummy-lora-7b-rank-128-3,500,128,203.01180817646065
614,huggyllama/llama-7b,dummy-lora-7b-rank-128-3,500,128,203.11314214104974
615,huggyllama/llama-7b,dummy-lora-7b-rank-128-0,500,128,203.1776407132043
616,huggyllama/llama-7b,dummy-lora-7b-rank-64-2,500,128,205.33211688946662
617,huggyllama/llama-7b,dummy-lora-7b-rank-64-4,500,128,205.57556059748023
618,huggyllama/llama-7b,dummy-lora-7b-rank-16-4,500,128,205.889962695902
619,huggyllama/llama-7b,dummy-lora-7b-rank-16-2,500,128,207.07051648464196
620,huggyllama/llama-7b,dummy-lora-7b-rank-16-2,500,128,207.1024355863009
621,huggyllama/llama-7b,dummy-lora-7b-rank-128-2,500,128,207.15032605699386
622,huggyllama/llama-7b,dummy-lora-7b-rank-32-2,500,128,207.3863269604995
623,huggyllama/llama-7b,dummy-lora-7b-rank-8-3,500,128,208.24056061712716
624,huggyllama/llama-7b,dummy-lora-7b-rank-128-2,500,128,208.78538471049427
625,huggyllama/llama-7b,dummy-lora-7b-rank-8-4,500,128,209.06143178311305
626,huggyllama/llama-7b,dummy-lora-7b-rank-64-4,500,128,209.0900103674761
627,huggyllama/llama-7b,dummy-lora-7b-rank-32-0,500,128,209.50623579180453
628,huggyllama/llama-7b,dummy-lora-7b-rank-128-2,500,128,210.11136117482278
629,huggyllama/llama-7b,dummy-lora-7b-rank-32-4,500,128,210.6407871229504
630,huggyllama/llama-7b,dummy-lora-7b-rank-128-3,500,128,210.7143086413401
631,huggyllama/llama-7b,dummy-lora-7b-rank-16-2,500,128,210.94999372255967
632,huggyllama/llama-7b,dummy-lora-7b-rank-128-0,500,128,211.1000712616808
633,huggyllama/llama-7b,dummy-lora-7b-rank-8-2,500,128,211.11887204053434
634,huggyllama/llama-7b,dummy-lora-7b-rank-32-4,500,128,211.1765243137375
635,huggyllama/llama-7b,dummy-lora-7b-rank-128-1,500,128,212.6595396659796
636,huggyllama/llama-7b,dummy-lora-7b-rank-64-1,500,128,212.77136474405737
637,huggyllama/llama-7b,dummy-lora-7b-rank-32-1,500,128,213.25911744102973
638,huggyllama/llama-7b,dummy-lora-7b-rank-128-4,500,128,213.61516757136542
639,huggyllama/llama-7b,dummy-lora-7b-rank-128-0,500,128,213.72908971418136
640,huggyllama/llama-7b,dummy-lora-7b-rank-128-4,500,128,214.24507490162088
641,huggyllama/llama-7b,dummy-lora-7b-rank-128-0,500,128,214.56360639588019
642,huggyllama/llama-7b,dummy-lora-7b-rank-16-3,500,128,214.89047847415026
643,huggyllama/llama-7b,dummy-lora-7b-rank-32-0,500,128,214.9540602331771
644,huggyllama/llama-7b,dummy-lora-7b-rank-128-3,500,128,215.8672328005061
645,huggyllama/llama-7b,dummy-lora-7b-rank-16-3,500,128,216.32290353363823
646,huggyllama/llama-7b,dummy-lora-7b-rank-8-0,500,128,216.38769598220702
647,huggyllama/llama-7b,dummy-lora-7b-rank-128-4,500,128,216.60385080238572
648,huggyllama/llama-7b,dummy-lora-7b-rank-128-1,500,128,217.00820790924027
649,huggyllama/llama-7b,dummy-lora-7b-rank-16-2,500,128,217.25656939918804
650,huggyllama/llama-7b,dummy-lora-7b-rank-8-2,500,128,217.44044041637366
651,huggyllama/llama-7b,dummy-lora-7b-rank-16-1,500,128,217.60831204399864
652,huggyllama/llama-7b,dummy-lora-7b-rank-128-4,500,128,217.98537255259617
653,huggyllama/llama-7b,dummy-lora-7b-rank-64-3,500,128,218.00122128323562
654,huggyllama/llama-7b,dummy-lora-7b-rank-64-0,500,128,218.23606552052595
655,huggyllama/llama-7b,dummy-lora-7b-rank-64-3,500,128,218.32089024509878
656,huggyllama/llama-7b,dummy-lora-7b-rank-128-0,500,128,218.7472013369539
657,huggyllama/llama-7b,dummy-lora-7b-rank-128-3,500,128,218.8583266739845
658,huggyllama/llama-7b,dummy-lora-7b-rank-128-3,500,128,219.30978948814655
659,huggyllama/llama-7b,dummy-lora-7b-rank-16-3,500,128,219.39081855792352
660,huggyllama/llama-7b,dummy-lora-7b-rank-8-0,500,128,219.78563507571977
661,huggyllama/llama-7b,dummy-lora-7b-rank-64-4,500,128,219.94004987869818
662,huggyllama/llama-7b,dummy-lora-7b-rank-128-4,500,128,220.19823309264834
663,huggyllama/llama-7b,dummy-lora-7b-rank-128-3,500,128,220.61569523308907
664,huggyllama/llama-7b,dummy-lora-7b-rank-64-4,500,128,220.7218939532281
665,huggyllama/llama-7b,dummy-lora-7b-rank-64-1,500,128,220.72925139993066
666,huggyllama/llama-7b,dummy-lora-7b-rank-8-2,500,128,220.88825284591675
667,huggyllama/llama-7b,dummy-lora-7b-rank-64-1,500,128,220.92576970172755
668,huggyllama/llama-7b,dummy-lora-7b-rank-128-4,500,128,220.9582538862604
669,huggyllama/llama-7b,dummy-lora-7b-rank-8-1,500,128,221.16047775922718
670,huggyllama/llama-7b,dummy-lora-7b-rank-128-4,500,128,221.303789230216
671,huggyllama/llama-7b,dummy-lora-7b-rank-128-2,500,128,221.51046706230431
672,huggyllama/llama-7b,dummy-lora-7b-rank-128-0,500,128,221.78734608614133
673,huggyllama/llama-7b,dummy-lora-7b-rank-8-2,500,128,222.3420689784022
674,huggyllama/llama-7b,dummy-lora-7b-rank-32-2,500,128,223.4301358058672
675,huggyllama/llama-7b,dummy-lora-7b-rank-128-4,500,128,223.86703478397442
676,huggyllama/llama-7b,dummy-lora-7b-rank-64-3,500,128,224.33942504256603
677,huggyllama/llama-7b,dummy-lora-7b-rank-128-4,500,128,224.3722767479491
678,huggyllama/llama-7b,dummy-lora-7b-rank-64-3,500,128,225.7245121046006
679,huggyllama/llama-7b,dummy-lora-7b-rank-128-4,500,128,226.51452190966987
680,huggyllama/llama-7b,dummy-lora-7b-rank-128-3,500,128,226.6152907533855
681,huggyllama/llama-7b,dummy-lora-7b-rank-128-1,500,128,226.68285004040985
682,huggyllama/llama-7b,dummy-lora-7b-rank-16-4,500,128,227.05220802896292
683,huggyllama/llama-7b,dummy-lora-7b-rank-128-1,500,128,227.26519588300204
684,huggyllama/llama-7b,dummy-lora-7b-rank-64-4,500,128,227.45418766971852
685,huggyllama/llama-7b,dummy-lora-7b-rank-128-2,500,128,228.0247863111099
686,huggyllama/llama-7b,dummy-lora-7b-rank-128-2,500,128,228.27630168228123
687,huggyllama/llama-7b,dummy-lora-7b-rank-16-2,500,128,228.67069380697058
688,huggyllama/llama-7b,dummy-lora-7b-rank-16-1,500,128,229.0540892440648
689,huggyllama/llama-7b,dummy-lora-7b-rank-8-3,500,128,229.22758515802647
690,huggyllama/llama-7b,dummy-lora-7b-rank-128-0,500,128,229.52659410495772
691,huggyllama/llama-7b,dummy-lora-7b-rank-16-2,500,128,229.56849284041536
692,huggyllama/llama-7b,dummy-lora-7b-rank-128-4,500,128,229.8210220739263
693,huggyllama/llama-7b,dummy-lora-7b-rank-8-0,500,128,230.28966627552606
694,huggyllama/llama-7b,dummy-lora-7b-rank-128-0,500,128,231.04461468922642
695,huggyllama/llama-7b,dummy-lora-7b-rank-64-3,500,128,231.12176644223237
696,huggyllama/llama-7b,dummy-lora-7b-rank-16-0,500,128,231.18134627041397
697,huggyllama/llama-7b,dummy-lora-7b-rank-128-4,500,128,231.201254258804
698,huggyllama/llama-7b,dummy-lora-7b-rank-128-3,500,128,231.6052955538164
699,huggyllama/llama-7b,dummy-lora-7b-rank-32-1,500,128,231.61808011533162
700,huggyllama/llama-7b,dummy-lora-7b-rank-128-3,500,128,231.89384055828558
701,huggyllama/llama-7b,dummy-lora-7b-rank-32-2,500,128,232.06190291812692
702,huggyllama/llama-7b,dummy-lora-7b-rank-32-2,500,128,232.1581475026138
703,huggyllama/llama-7b,dummy-lora-7b-rank-128-1,500,128,232.86508594274423
704,huggyllama/llama-7b,dummy-lora-7b-rank-128-4,500,128,232.96105432660622
705,huggyllama/llama-7b,dummy-lora-7b-rank-16-2,500,128,233.377088076953
706,huggyllama/llama-7b,dummy-lora-7b-rank-128-1,500,128,233.41191073094356
707,huggyllama/llama-7b,dummy-lora-7b-rank-128-4,500,128,234.47857029456105
708,huggyllama/llama-7b,dummy-lora-7b-rank-32-2,500,128,234.93902226261397
709,huggyllama/llama-7b,dummy-lora-7b-rank-128-0,500,128,234.9876097480609
710,huggyllama/llama-7b,dummy-lora-7b-rank-32-3,500,128,235.81846543433096
711,huggyllama/llama-7b,dummy-lora-7b-rank-128-0,500,128,236.5185895068768
712,huggyllama/llama-7b,dummy-lora-7b-rank-128-2,500,128,236.55907812880847
713,huggyllama/llama-7b,dummy-lora-7b-rank-128-2,500,128,237.05838563481194
714,huggyllama/llama-7b,dummy-lora-7b-rank-64-0,500,128,237.40789035588514
715,huggyllama/llama-7b,dummy-lora-7b-rank-16-0,500,128,237.87908022702354
716,huggyllama/llama-7b,dummy-lora-7b-rank-128-1,500,128,237.9592775191686
717,huggyllama/llama-7b,dummy-lora-7b-rank-64-2,500,128,238.26922701797275
718,huggyllama/llama-7b,dummy-lora-7b-rank-128-1,500,128,238.27760392452424
719,huggyllama/llama-7b,dummy-lora-7b-rank-32-1,500,128,238.37487087485317
720,huggyllama/llama-7b,dummy-lora-7b-rank-16-3,500,128,239.30174638462034
721,huggyllama/llama-7b,dummy-lora-7b-rank-128-3,500,128,239.34729620752384
722,huggyllama/llama-7b,dummy-lora-7b-rank-32-0,500,128,239.43561556070387
723,huggyllama/llama-7b,dummy-lora-7b-rank-32-4,500,128,239.71891370028044
724,huggyllama/llama-7b,dummy-lora-7b-rank-128-1,500,128,239.7673787600492
725,huggyllama/llama-7b,dummy-lora-7b-rank-128-4,500,128,239.7795180818037
726,huggyllama/llama-7b,dummy-lora-7b-rank-128-0,500,128,239.82613976726736
727,huggyllama/llama-7b,dummy-lora-7b-rank-128-3,500,128,240.06579478162047
728,huggyllama/llama-7b,dummy-lora-7b-rank-16-1,500,128,240.10673657411996
729,huggyllama/llama-7b,dummy-lora-7b-rank-128-4,500,128,240.54388599256345
730,huggyllama/llama-7b,dummy-lora-7b-rank-8-1,500,128,240.58498359512123
731,huggyllama/llama-7b,dummy-lora-7b-rank-32-3,500,128,240.7552513605203
732,huggyllama/llama-7b,dummy-lora-7b-rank-128-3,500,128,240.80451092635573
733,huggyllama/llama-7b,dummy-lora-7b-rank-32-0,500,128,240.90015389651788
734,huggyllama/llama-7b,dummy-lora-7b-rank-64-0,500,128,240.93200885951316
735,huggyllama/llama-7b,dummy-lora-7b-rank-64-0,500,128,241.2564855059125
736,huggyllama/llama-7b,dummy-lora-7b-rank-128-3,500,128,241.9765414819082
737,huggyllama/llama-7b,dummy-lora-7b-rank-32-4,500,128,242.1548799651729
738,huggyllama/llama-7b,dummy-lora-7b-rank-128-3,500,128,242.90030646755176
739,huggyllama/llama-7b,dummy-lora-7b-rank-128-1,500,128,245.03390464959296
740,huggyllama/llama-7b,dummy-lora-7b-rank-64-1,500,128,245.1029618357669
741,huggyllama/llama-7b,dummy-lora-7b-rank-32-0,500,128,245.4506140218977
742,huggyllama/llama-7b,dummy-lora-7b-rank-128-1,500,128,245.63579990394524
743,huggyllama/llama-7b,dummy-lora-7b-rank-128-4,500,128,246.16848054619996
744,huggyllama/llama-7b,dummy-lora-7b-rank-8-1,500,128,246.34277918934944
745,huggyllama/llama-7b,dummy-lora-7b-rank-32-3,500,128,246.6241034251897
746,huggyllama/llama-7b,dummy-lora-7b-rank-128-2,500,128,246.81953735307215
747,huggyllama/llama-7b,dummy-lora-7b-rank-128-3,500,128,247.03877737041094
748,huggyllama/llama-7b,dummy-lora-7b-rank-128-2,500,128,247.09261510367384
749,huggyllama/llama-7b,dummy-lora-7b-rank-128-1,500,128,248.265781247663
750,huggyllama/llama-7b,dummy-lora-7b-rank-64-0,500,128,248.34543142216023
751,huggyllama/llama-7b,dummy-lora-7b-rank-32-1,500,128,248.39062556146206
752,huggyllama/llama-7b,dummy-lora-7b-rank-128-3,500,128,249.2547915389936
753,huggyllama/llama-7b,dummy-lora-7b-rank-128-0,500,128,249.78477553381768
754,huggyllama/llama-7b,dummy-lora-7b-rank-16-1,500,128,250.22963922012121
755,huggyllama/llama-7b,dummy-lora-7b-rank-128-0,500,128,250.95043133710405
756,huggyllama/llama-7b,dummy-lora-7b-rank-128-0,500,128,251.00562405447886
757,huggyllama/llama-7b,dummy-lora-7b-rank-128-3,500,128,251.4967737041405
758,huggyllama/llama-7b,dummy-lora-7b-rank-128-1,500,128,251.69439190297695
759,huggyllama/llama-7b,dummy-lora-7b-rank-8-0,500,128,251.91231980130738
760,huggyllama/llama-7b,dummy-lora-7b-rank-64-2,500,128,252.48205377800417
761,huggyllama/llama-7b,dummy-lora-7b-rank-32-0,500,128,253.1654914505244
762,huggyllama/llama-7b,dummy-lora-7b-rank-128-2,500,128,253.69816397887192
763,huggyllama/llama-7b,dummy-lora-7b-rank-8-2,500,128,253.9145518135953
764,huggyllama/llama-7b,dummy-lora-7b-rank-128-2,500,128,253.98225147024837
765,huggyllama/llama-7b,dummy-lora-7b-rank-128-4,500,128,254.04954583680757
766,huggyllama/llama-7b,dummy-lora-7b-rank-128-0,500,128,254.1307286474882
767,huggyllama/llama-7b,dummy-lora-7b-rank-32-3,500,128,254.18111569890556
768,huggyllama/llama-7b,dummy-lora-7b-rank-128-0,500,128,254.94994010338414
769,huggyllama/llama-7b,dummy-lora-7b-rank-32-1,500,128,255.4703432660284
770,huggyllama/llama-7b,dummy-lora-7b-rank-8-3,500,128,256.00256380883025
771,huggyllama/llama-7b,dummy-lora-7b-rank-128-3,500,128,256.3984288268581
772,huggyllama/llama-7b,dummy-lora-7b-rank-128-4,500,128,256.93058038931576
773,huggyllama/llama-7b,dummy-lora-7b-rank-16-1,500,128,257.3567586979165
774,huggyllama/llama-7b,dummy-lora-7b-rank-8-0,500,128,258.540707649242
775,huggyllama/llama-7b,dummy-lora-7b-rank-8-2,500,128,258.83120630442494
776,huggyllama/llama-7b,dummy-lora-7b-rank-128-1,500,128,259.3710227341322
777,huggyllama/llama-7b,dummy-lora-7b-rank-64-2,500,128,259.58822604540046
778,huggyllama/llama-7b,dummy-lora-7b-rank-128-3,500,128,259.7195546584304
779,huggyllama/llama-7b,dummy-lora-7b-rank-32-2,500,128,260.18718717161073
780,huggyllama/llama-7b,dummy-lora-7b-rank-64-1,500,128,260.3725900537778
781,huggyllama/llama-7b,dummy-lora-7b-rank-128-4,500,128,261.52862013901324
782,huggyllama/llama-7b,dummy-lora-7b-rank-64-0,500,128,262.0290485032769
783,huggyllama/llama-7b,dummy-lora-7b-rank-32-3,500,128,262.3608120347945
784,huggyllama/llama-7b,dummy-lora-7b-rank-16-4,500,128,262.366112912892
785,huggyllama/llama-7b,dummy-lora-7b-rank-32-3,500,128,262.63348149185845
786,huggyllama/llama-7b,dummy-lora-7b-rank-16-2,500,128,262.663700476594
787,huggyllama/llama-7b,dummy-lora-7b-rank-64-0,500,128,263.2572158612211
788,huggyllama/llama-7b,dummy-lora-7b-rank-16-4,500,128,263.9306610338632
789,huggyllama/llama-7b,dummy-lora-7b-rank-128-1,500,128,264.0420639372033
790,huggyllama/llama-7b,dummy-lora-7b-rank-16-2,500,128,264.51461039638497
791,huggyllama/llama-7b,dummy-lora-7b-rank-32-3,500,128,264.6868893924289
792,huggyllama/llama-7b,dummy-lora-7b-rank-128-1,500,128,264.69464883746775
793,huggyllama/llama-7b,dummy-lora-7b-rank-128-4,500,128,264.775318481898
794,huggyllama/llama-7b,dummy-lora-7b-rank-64-1,500,128,265.70938540933764
795,huggyllama/llama-7b,dummy-lora-7b-rank-128-2,500,128,265.79443491599676
796,huggyllama/llama-7b,dummy-lora-7b-rank-8-3,500,128,266.0215753400093
797,huggyllama/llama-7b,dummy-lora-7b-rank-128-4,500,128,266.1584701760858
798,huggyllama/llama-7b,dummy-lora-7b-rank-128-0,500,128,266.4393708803649
799,huggyllama/llama-7b,dummy-lora-7b-rank-128-4,500,128,266.7487942445526
800,huggyllama/llama-7b,dummy-lora-7b-rank-32-1,500,128,267.5043055749514
801,huggyllama/llama-7b,dummy-lora-7b-rank-64-1,500,128,267.6034233148709
802,huggyllama/llama-7b,dummy-lora-7b-rank-32-4,500,128,267.8222698435914
803,huggyllama/llama-7b,dummy-lora-7b-rank-64-3,500,128,267.92068207248104
804,huggyllama/llama-7b,dummy-lora-7b-rank-32-2,500,128,267.93853221801544
805,huggyllama/llama-7b,dummy-lora-7b-rank-128-0,500,128,268.0818018308365
806,huggyllama/llama-7b,dummy-lora-7b-rank-128-4,500,128,268.4657193728978
807,huggyllama/llama-7b,dummy-lora-7b-rank-128-4,500,128,269.6442590512663
808,huggyllama/llama-7b,dummy-lora-7b-rank-64-1,500,128,269.7552144839713
809,huggyllama/llama-7b,dummy-lora-7b-rank-8-1,500,128,270.11525157262844
810,huggyllama/llama-7b,dummy-lora-7b-rank-128-3,500,128,270.7774878540408
811,huggyllama/llama-7b,dummy-lora-7b-rank-128-3,500,128,270.983426057566
812,huggyllama/llama-7b,dummy-lora-7b-rank-64-1,500,128,271.20262463473017
813,huggyllama/llama-7b,dummy-lora-7b-rank-128-2,500,128,271.2034033275259
814,huggyllama/llama-7b,dummy-lora-7b-rank-128-1,500,128,271.56742332998056
815,huggyllama/llama-7b,dummy-lora-7b-rank-64-0,500,128,273.142105734961
816,huggyllama/llama-7b,dummy-lora-7b-rank-16-4,500,128,275.0193141717216
817,huggyllama/llama-7b,dummy-lora-7b-rank-16-4,500,128,275.04863978131993
818,huggyllama/llama-7b,dummy-lora-7b-rank-128-2,500,128,275.72160583164276
819,huggyllama/llama-7b,dummy-lora-7b-rank-128-1,500,128,275.96354680188495
820,huggyllama/llama-7b,dummy-lora-7b-rank-32-4,500,128,276.2925786021677
821,huggyllama/llama-7b,dummy-lora-7b-rank-64-4,500,128,276.38051786236787
822,huggyllama/llama-7b,dummy-lora-7b-rank-128-1,500,128,276.8426401264785
823,huggyllama/llama-7b,dummy-lora-7b-rank-32-4,500,128,277.1553699487729
824,huggyllama/llama-7b,dummy-lora-7b-rank-128-2,500,128,277.2806780851855
825,huggyllama/llama-7b,dummy-lora-7b-rank-128-3,500,128,277.48206297186715
826,huggyllama/llama-7b,dummy-lora-7b-rank-8-0,500,128,277.61029644603184
827,huggyllama/llama-7b,dummy-lora-7b-rank-128-4,500,128,277.7612476613744
828,huggyllama/llama-7b,dummy-lora-7b-rank-128-4,500,128,277.8914274441698
829,huggyllama/llama-7b,dummy-lora-7b-rank-8-1,500,128,277.9927353759118
830,huggyllama/llama-7b,dummy-lora-7b-rank-128-0,500,128,278.0067832444752
831,huggyllama/llama-7b,dummy-lora-7b-rank-128-0,500,128,278.19656756040064
832,huggyllama/llama-7b,dummy-lora-7b-rank-128-0,500,128,278.4815766971471
833,huggyllama/llama-7b,dummy-lora-7b-rank-128-3,500,128,278.9237245622042
834,huggyllama/llama-7b,dummy-lora-7b-rank-32-3,500,128,279.38111106638087
835,huggyllama/llama-7b,dummy-lora-7b-rank-128-3,500,128,279.4433336097692
836,huggyllama/llama-7b,dummy-lora-7b-rank-32-2,500,128,279.4867268918589
837,huggyllama/llama-7b,dummy-lora-7b-rank-128-3,500,128,280.49124505225484
838,huggyllama/llama-7b,dummy-lora-7b-rank-64-0,500,128,280.63190019519993
839,huggyllama/llama-7b,dummy-lora-7b-rank-128-3,500,128,280.6551838491534
840,huggyllama/llama-7b,dummy-lora-7b-rank-128-0,500,128,280.6826799432243
841,huggyllama/llama-7b,dummy-lora-7b-rank-8-2,500,128,280.86734064134424
842,huggyllama/llama-7b,dummy-lora-7b-rank-128-4,500,128,281.27732444950357
843,huggyllama/llama-7b,dummy-lora-7b-rank-128-2,500,128,281.80964549928706
844,huggyllama/llama-7b,dummy-lora-7b-rank-128-4,500,128,282.1286483312484
845,huggyllama/llama-7b,dummy-lora-7b-rank-128-1,500,128,282.6411551854827
846,huggyllama/llama-7b,dummy-lora-7b-rank-128-3,500,128,282.8509649187858
847,huggyllama/llama-7b,dummy-lora-7b-rank-128-1,500,128,283.11597598851324
848,huggyllama/llama-7b,dummy-lora-7b-rank-16-2,500,128,284.02235452498405
849,huggyllama/llama-7b,dummy-lora-7b-rank-128-3,500,128,285.3546436874637
850,huggyllama/llama-7b,dummy-lora-7b-rank-128-2,500,128,285.47740837602754
851,huggyllama/llama-7b,dummy-lora-7b-rank-128-0,500,128,285.79127777629145
852,huggyllama/llama-7b,dummy-lora-7b-rank-128-1,500,128,285.9755467091088
853,huggyllama/llama-7b,dummy-lora-7b-rank-16-1,500,128,286.8138724786544
854,huggyllama/llama-7b,dummy-lora-7b-rank-128-2,500,128,287.06585596604344
855,huggyllama/llama-7b,dummy-lora-7b-rank-64-1,500,128,288.58268076210123
856,huggyllama/llama-7b,dummy-lora-7b-rank-8-2,500,128,288.77041850266073
857,huggyllama/llama-7b,dummy-lora-7b-rank-8-2,500,128,288.7877643024956
858,huggyllama/llama-7b,dummy-lora-7b-rank-128-3,500,128,288.8887945880445
859,huggyllama/llama-7b,dummy-lora-7b-rank-128-1,500,128,288.95660218567184
860,huggyllama/llama-7b,dummy-lora-7b-rank-8-3,500,128,289.0241270439714
861,huggyllama/llama-7b,dummy-lora-7b-rank-16-2,500,128,289.130729536845
862,huggyllama/llama-7b,dummy-lora-7b-rank-32-4,500,128,289.13132463648185
863,huggyllama/llama-7b,dummy-lora-7b-rank-128-3,500,128,289.2274162597605
864,huggyllama/llama-7b,dummy-lora-7b-rank-128-4,500,128,289.5422628905901
865,huggyllama/llama-7b,dummy-lora-7b-rank-128-2,500,128,289.8029198149642
866,huggyllama/llama-7b,dummy-lora-7b-rank-128-4,500,128,290.06476412543253
867,huggyllama/llama-7b,dummy-lora-7b-rank-16-2,500,128,290.15134393728437
868,huggyllama/llama-7b,dummy-lora-7b-rank-128-3,500,128,290.1991380966474
869,huggyllama/llama-7b,dummy-lora-7b-rank-128-4,500,128,290.2348453159326
870,huggyllama/llama-7b,dummy-lora-7b-rank-128-2,500,128,290.4282200236254
871,huggyllama/llama-7b,dummy-lora-7b-rank-128-4,500,128,290.4469313265047
872,huggyllama/llama-7b,dummy-lora-7b-rank-128-2,500,128,291.1418611820526
873,huggyllama/llama-7b,dummy-lora-7b-rank-32-4,500,128,291.21902721507
874,huggyllama/llama-7b,dummy-lora-7b-rank-32-4,500,128,291.87604975550784
875,huggyllama/llama-7b,dummy-lora-7b-rank-128-0,500,128,292.60592370183133
876,huggyllama/llama-7b,dummy-lora-7b-rank-128-0,500,128,292.804403882172
877,huggyllama/llama-7b,dummy-lora-7b-rank-16-0,500,128,292.8647710786887
878,huggyllama/llama-7b,dummy-lora-7b-rank-128-2,500,128,293.295544498882
879,huggyllama/llama-7b,dummy-lora-7b-rank-128-4,500,128,294.33635105587075
880,huggyllama/llama-7b,dummy-lora-7b-rank-128-4,500,128,294.43954973050626
881,huggyllama/llama-7b,dummy-lora-7b-rank-8-0,500,128,294.4767404195962
882,huggyllama/llama-7b,dummy-lora-7b-rank-128-0,500,128,294.5776386804501
883,huggyllama/llama-7b,dummy-lora-7b-rank-128-3,500,128,295.1886644889346
884,huggyllama/llama-7b,dummy-lora-7b-rank-128-2,500,128,295.273376426296
885,huggyllama/llama-7b,dummy-lora-7b-rank-128-1,500,128,295.7764782082321
886,huggyllama/llama-7b,dummy-lora-7b-rank-128-1,500,128,295.8166822515133
887,huggyllama/llama-7b,dummy-lora-7b-rank-8-0,500,128,296.0326115781038
888,huggyllama/llama-7b,dummy-lora-7b-rank-64-0,500,128,296.319533427273
889,huggyllama/llama-7b,dummy-lora-7b-rank-128-4,500,128,296.8107300532121
890,huggyllama/llama-7b,dummy-lora-7b-rank-8-0,500,128,296.90003393669144
891,huggyllama/llama-7b,dummy-lora-7b-rank-32-2,500,128,296.98844601868575
892,huggyllama/llama-7b,dummy-lora-7b-rank-128-1,500,128,297.00783761249
893,huggyllama/llama-7b,dummy-lora-7b-rank-128-3,500,128,297.49448257583157
894,huggyllama/llama-7b,dummy-lora-7b-rank-128-3,500,128,297.5998806033899
895,huggyllama/llama-7b,dummy-lora-7b-rank-128-0,500,128,298.20270325894626
896,huggyllama/llama-7b,dummy-lora-7b-rank-128-2,500,128,298.2875168377313
897,huggyllama/llama-7b,dummy-lora-7b-rank-16-3,500,128,298.9615346190586
898,huggyllama/llama-7b,dummy-lora-7b-rank-128-4,500,128,299.3418154813014
899,huggyllama/llama-7b,dummy-lora-7b-rank-64-3,500,128,299.5812614816313
